Item ID,Item meta,Has NBT,Display Name
79,11,false,Ice
102,0,false,Glass Pane
2321,1,false,Japanese Maple Sapling
2321,2,false,Japanese Maple Shrub Sapling
2332,1,false,Japanese Maple Leaves
2332,2,false,Japanese Maple Shrub Leaves
2340,3,false,Japanese Maple Log
2360,4,false,Japanese Maple Wood Planks
2363,4,false,Japanese Maple Slab
2364,4,false,Japanese Maple Slab
2377,0,false,Japanese Maple Stairs
2761,2,false,Marble
2761,3,false,Marble
2761,4,false,Marble
2762,8,false,Limestone
2762,9,false,Limestone
2762,10,false,Limestone
2762,12,false,Limestone
2762,14,false,Limestone
2762,15,false,Limestone
2763,2,false,Marble Slab
2763,3,false,Marble Slab
2763,4,false,Marble Slab
2764,8,false,Limestone Slab
2764,9,false,Limestone Slab
2764,10,false,Limestone Slab
2764,12,false,Limestone Slab
2764,14,false,Limestone Slab
2764,15,false,Limestone Slab
2777,8,false,Oak Wood Planks
2778,8,false,Spruce Wood Planks
2779,8,false,Birch Wood Planks
2787,11,false,Cobblestone
2787,13,false,Cobblestone
2787,14,false,Cobblestone
2787,15,false,Cobblestone
2788,3,false,Glass
2792,2,false,Block of Diamond
2793,15,false,Glowstone
2794,6,false,Lapis Lazuli Block
2795,1,false,Block of Emerald
2795,2,false,Block of Emerald
2798,11,false,Moss Stone
2798,13,false,Moss Stone
2798,14,false,Moss Stone
2798,15,false,Moss Stone
2799,8,false,Stone Bricks
2799,12,false,Stone Bricks
2799,13,false,Stone Bricks
2799,14,false,Stone Bricks
2801,4,false,Obsidian
2801,5,false,Obsidian
2801,9,false,Obsidian
2801,10,false,Obsidian
2801,11,false,Obsidian
2802,7,false,Iron Bars
2803,1,false,Glass Pane
2803,2,false,Glass Pane
2803,3,false,Glass Pane
2803,4,false,Glass Pane
2803,12,false,Glass Pane
2803,13,false,Glass Pane
2803,14,false,Glass Pane
2803,15,false,Glass Pane
2805,2,false,item.tile.null.2.name
2805,3,false,item.tile.null.3.name
2805,4,false,item.tile.null.4.name
2807,8,false,item.tile.null.8.name
2807,9,false,item.tile.null.9.name
2807,10,false,item.tile.null.10.name
2807,12,false,item.tile.null.12.name
2807,14,false,item.tile.null.14.name
2807,15,false,item.tile.null.15.name
2816,8,false,Limestone Stairs
2817,8,false,Limestone Stairs
2818,8,false,Limestone Stairs
2819,8,false,Limestone Stairs
2820,8,false,Limestone Stairs
2821,8,false,Limestone Stairs
2822,8,false,Limestone Stairs
2823,8,false,Limestone Stairs
2834,5,false,Lavastone
2834,6,false,Lavastone
3130,0,false,Stained Glass Pane (White)
3130,1,false,Stained Glass Pane (Orange)
3130,2,false,Stained Glass Pane (Magenta)
3130,3,false,Stained Glass Pane (Light Blue)
3130,4,false,Stained Glass Pane (Yellow)
3130,5,false,Stained Glass Pane (Lime)
3130,6,false,Stained Glass Pane (Pink)
3130,7,false,Stained Glass Pane (Gray)
3130,8,false,Stained Glass Pane (Light Gray)
3130,9,false,Stained Glass Pane (Cyan)
3130,10,false,Stained Glass Pane (Purple)
3130,11,false,Stained Glass Pane (Blue)
3130,12,false,Stained Glass Pane (Brown)
3130,13,false,Stained Glass Pane (Green)
3130,14,false,Stained Glass Pane (Red)
3130,15,false,Stained Glass Pane (Black)
3228,0,false,Clear Glass Pane
3229,0,false,White Stained Pane
3229,1,false,Orange Stained Pane
3229,2,false,Magenta Stained Pane
3229,3,false,Light Blue Stained Pane
3229,4,false,Yellow Stained Pane
3229,5,false,Lime Stained Pane
3229,6,false,Pink Stained Pane
3229,7,false,Gray Stained Pane
3229,8,false,Light Gray Stained Pane
3229,9,false,Cyan Stained Pane
3229,10,false,Purple Stained Pane
3229,11,false,Blue Stained Pane
3229,12,false,Brown Stained Pane
3229,13,false,Green Stained Pane
3229,14,false,Red Stained Pane
3229,15,false,Black Stained Pane
3946,5,false,Japanese Maple Bookcase
3947,5,false,Japanese Maple Desk
3949,4,false,Japanese Maple Case
3949,5,false,Japanese Maple Case
3949,6,false,Japanese Maple Case
3949,7,false,Japanese Maple Case
3951,5,false,Japanese Maple Label
3952,5,false,Japanese Maple Map Frame
3953,5,false,Japanese Maple Potion Shelf
3954,5,false,Japanese Maple Seat
3955,5,false,Japanese Maple Shelf
3956,5,false,Japanese Maple Table
3957,5,false,Japanese Maple Tool Rack
4008,8,false,Jungle Wood Planks
22821,5,false,Japanese Maple Seat Back
22822,5,false,Japanese Maple Seat Back
22823,5,false,Japanese Maple Seat Back
22824,5,false,Japanese Maple Seat Back
22825,5,false,Japanese Maple Seat Back
25131,2,true,Darkwood Leaves Panel
25131,2,true,Darkwood Leaves Panel
25131,2,true,Darkwood Leaves Panel
25131,2,true,Fusewood Leaves Panel
25131,2,true,Obsidian Brick Panel
25131,2,true,Sandstone Brick Panel
25131,2,true,Slime Brick Panel
25131,2,true,Slime Brick Panel
25131,2,true,Endstone Brick Panel
25131,2,true,Obsidian Brick Panel
25131,2,true,Netherrack Brick Panel
25131,2,true,Polished Stone Brick Panel
25131,2,true,Iron Brick Panel
25131,2,true,Gold Brick Panel
25131,2,true,Lapis Brick Panel
25131,2,true,Diamond Brick Panel
25131,2,true,Redstone Brick Panel
25131,2,true,Bone Brick Panel
25131,2,true,Fancy Obsidian Brick Panel
25131,2,true,Fancy Sandstone Brick Panel
25131,2,true,Fancy Slime Brick Panel
25131,2,true,Fancy Slime Brick Panel
25131,2,true,Fancy Endstone Brick Panel
25131,2,true,Fancy Obsidian Brick Panel
25131,2,true,Fancy Stone Brick Panel
25131,2,true,Stone Road Panel
25131,2,true,Fancy Netherrack Brick Panel
25131,2,true,Fancy Polished Stone Brick Panel
25131,2,true,Fancy Iron Brick Panel
25131,2,true,Fancy Gold Brick Panel
25131,2,true,Fancy Lapis Brick Panel
25131,2,true,Fancy Diamond Brick Panel
25131,2,true,Fancy Redstone Brick Panel
25131,2,true,Fancy Bone Brick Panel
25131,2,true,Clear Glass Panel
25131,2,true,White Stained Glass Panel
25131,2,true,Orange Stained Glass Panel
25131,2,true,Purple Stained Glass Panel
25131,2,true,Blue Stained Glass Panel
25131,2,true,Brown Stained Glass Panel
25131,2,true,Green Stained Glass Panel
25131,2,true,Red Stained Glass Panel
25131,2,true,Black Stained Glass Panel
25131,2,true,Magenta Stained Glass Panel
25131,2,true,Light Blue Stained Glass Panel
25131,2,true,Yellow Stained Glass Panel
25131,2,true,Lime Stained Glass Panel
25131,2,true,Pink Stained Glass Panel
25131,2,true,Gray Stained Glass Panel
25131,2,true,Light Gray Stained Glass Panel
25131,2,true,Cyan Stained Glass Panel
25131,2,true,Chiseled Scorched Bricks Panel
25131,2,true,Creepy Scorched Bricks Panel
25131,2,true,Scorched Bricks Panel
25131,2,true,Scorched Stone Panel
25131,2,true,Scorched Cobblestone Panel
25131,2,true,Scorched Paver Panel
25131,2,true,Cracked Scorched Bricks Panel
25131,2,true,Scorched Road Panel
25131,2,true,Fancy Scorched Bricks Panel
25131,2,true,Limestone Panel
25131,2,true,Limestone Cobble Panel
25131,2,true,Limestone Bricks Panel
25131,2,true,Cracked Limestone Bricks Panel
25131,2,true,Limestone Paver Panel
25131,2,true,Limestone Road Panel
25131,2,true,Fancy Limestone Bricks Panel
25131,2,true,Chiseled Limestone Bricks Panel
25131,2,true,Creepy Limestone Bricks Panel
25131,2,true,Maple Leaves Panel
25131,2,true,Silverbell Leaves Panel
25131,2,true,Amaranth Leaves Panel
25131,2,true,Tiger Leaves Panel
25131,2,true,Maple Wood Panel
25131,2,true,Silverbell Wood Panel
25131,2,true,Amaranth Wood Panel
25131,2,true,Tiger Wood Panel
25131,2,true,Chiseled Seared Bricks Panel
25131,2,true,Seared Bricks Panel
25131,2,true,Seared Stone Panel
25131,2,true,Seared Cobblestone Panel
25131,2,true,Seared Paver Panel
25131,2,true,Cracked Seared Bricks Panel
25131,2,true,Seared Road Panel
25131,2,true,Fancy Seared Bricks Panel
25131,2,true,Block of Coal Panel
25131,2,true,Block of Diamond Panel
25131,2,true,Block of Emerald Panel
25131,2,true,Block of Gold Panel
25131,2,true,Block of Iron Panel
25131,2,true,Lapis Lazuli Block Panel
25131,2,true,Block of Redstone Panel
25131,2,true,Bloodwood Panel
25131,2,true,Bookshelf Panel
25131,2,true,Amethyst Ore Panel
25131,2,true,Block of Amethyst Panel
25131,2,true,Malachite Ore Panel
25131,2,true,Block of Malachite Panel
25131,2,true,Sapphire Ore Panel
25131,2,true,Block of Sapphire Panel
25131,2,true,Ruby Ore Panel
25131,2,true,Block of Ruby Panel
25131,2,true,Peridot Ore Panel
25131,2,true,Block of Peridot Panel
25131,2,true,Topaz Ore Panel
25131,2,true,Block of Topaz Panel
25131,2,true,Tanzanite Ore Panel
25131,2,true,Block of Tanzanite Panel
25131,2,true,Ash Block Panel
25131,2,true,Cloud Block Panel
25131,2,true,Flesh Panel
25131,2,true,Ash Stone Panel
25131,2,true,Crag Rock Panel
25131,2,true,Celestial Crystal Panel
25131,2,true,Dried Dirt Panel
25131,2,true,Hardened Dirt Panel
25131,2,true,Hardened Ice Panel
25131,2,true,Hardened Sand Panel
25131,2,true,Purified Dirt Panel
25131,2,true,Mud Bricks Panel
25131,2,true,Honeycomb Block Panel
25131,2,true,Filled Honeycomb Block Panel
25131,2,true,Purified Grass Block Panel
25131,2,true,Skystone Panel
25131,2,true,Skystone Cobblestone Panel
25131,2,true,Skystone Bricks Panel
25131,2,true,Mossy Skystone Panel
25131,2,true,Honey Block Panel
25131,2,true,Yellow Autumn Leaves Panel
25131,2,true,Bamboo Leaves Panel
25131,2,true,Magic Leaves Panel
25131,2,true,Dark Leaves Panel
25131,2,true,Dying Leaves Panel
25131,2,true,Fir Leaves Panel
25131,2,true,Loftwood Leaves Panel
25131,2,true,Orange Autumn Leaves Panel
25131,2,true,Origin Leaves Panel
25131,2,true,Pink Cherry Leaves Panel
25131,2,true,Maple Leaves Panel
25131,2,true,White Cherry Leaves Panel
25131,2,true,Hellbark Leaves Panel
25131,2,true,Jacaranda Leaves Panel
25131,2,true,Acacia Leaves Panel
25131,2,true,Mangrove Leaves Panel
25131,2,true,Palm Leaves Panel
25131,2,true,Redwood Leaves Panel
25131,2,true,Willow Leaves Panel
25131,2,true,Pine Leaves Panel
25131,2,true,tile.bop.leavesColorized2.acacia.name Panel
25131,2,true,tile.bop.leavesColorized2.acacia.name Panel
25131,2,true,Apple Leaves Panel
25131,2,true,Persimmon Leaves Panel
25131,2,true,Long Grass Block Panel
25131,2,true,Mud Panel
25131,2,true,Quicksand Panel
25131,2,true,Origin Grass Block Panel
25131,2,true,Overgrown Netherrack Panel
25131,2,true,Giant Red Flower Panel
25131,2,true,Giant Yellow Flower Panel
25131,2,true,Acacia Wood Planks Panel
25131,2,true,Cherry Wood Planks Panel
25131,2,true,Bamboo Thatching Panel
25131,2,true,Pine Wood Planks Panel
25131,2,true,Hellbark Wood Planks Panel
25131,2,true,Jacaranda Wood Planks Panel
25131,2,true,Dark Wood Planks Panel
25131,2,true,Fir Wood Planks Panel
25131,2,true,Loftwood Wood Planks Panel
25131,2,true,Magic Wood Planks Panel
25131,2,true,Mangrove Wood Planks Panel
25131,2,true,Palm Wood Planks Panel
25131,2,true,Redwood Wood Planks Panel
25131,2,true,Willow Wood Planks Panel
25131,2,true,Red Rock Panel
25131,2,true,Red Rock Cobblestone Panel
25131,2,true,Red Rock Bricks Panel
25131,2,true,Acacia Wood Panel
25131,2,true,Cherry Wood Panel
25131,2,true,Dark Wood Panel
25131,2,true,Fir Wood Panel
25131,2,true,Loftwood Wood Panel
25131,2,true,Magic Wood Panel
25131,2,true,Mangrove Wood Panel
25131,2,true,Palm Wood Panel
25131,2,true,Redwood Wood Panel
25131,2,true,Willow Wood Panel
25131,2,true,Dead Wood Panel
25131,2,true,Giant Flower Stem Panel
25131,2,true,Pine Wood Panel
25131,2,true,Hellbark Wood Panel
25131,2,true,Jacaranda Wood Panel
25131,2,true,Bricks Panel
25131,2,true,Clay Panel
25131,2,true,Hardened Clay Panel
25131,2,true,White Stained Clay Panel
25131,2,true,Orange Stained Clay Panel
25131,2,true,Purple Stained Clay Panel
25131,2,true,Blue Stained Clay Panel
25131,2,true,Brown Stained Clay Panel
25131,2,true,Green Stained Clay Panel
25131,2,true,Red Stained Clay Panel
25131,2,true,Black Stained Clay Panel
25131,2,true,Magenta Stained Clay Panel
25131,2,true,Light Blue Stained Clay Panel
25131,2,true,Yellow Stained Clay Panel
25131,2,true,Lime Stained Clay Panel
25131,2,true,Pink Stained Clay Panel
25131,2,true,Gray Stained Clay Panel
25131,2,true,Light Gray Stained Clay Panel
25131,2,true,Cyan Stained Clay Panel
25131,2,true,Wool Panel
25131,2,true,Orange Wool Panel
25131,2,true,Purple Wool Panel
25131,2,true,Blue Wool Panel
25131,2,true,Brown Wool Panel
25131,2,true,Green Wool Panel
25131,2,true,Red Wool Panel
25131,2,true,Black Wool Panel
25131,2,true,Magenta Wool Panel
25131,2,true,Light Blue Wool Panel
25131,2,true,Yellow Wool Panel
25131,2,true,Lime Wool Panel
25131,2,true,Pink Wool Panel
25131,2,true,Gray Wool Panel
25131,2,true,Light Gray Wool Panel
25131,2,true,Cyan Wool Panel
25131,2,true,Dirt Panel
25131,2,true,Compressed Cobblestone Panel
25131,2,true,Double Compressed Cobblestone Panel
25131,2,true,Triple Compressed Dirt Panel
25131,2,true,Quadruple Compressed Dirt Panel
25131,2,true,Compressed Gravel Panel
25131,2,true,Double Compressed Gravel Panel
25131,2,true,Compressed Sand Panel
25131,2,true,Double Compressed Sand Panel
25131,2,true,Triple Compressed Cobblestone Panel
25131,2,true,Quadruple Compressed Cobblestone Panel
25131,2,true,Quintuple Compressed Cobblestone Panel
25131,2,true,Sextuple Compressed Cobblestone Panel
25131,2,true,Septuple Compressed Cobblestone Panel
25131,2,true,Octuple Compressed Cobblestone Panel
25131,2,true,Compressed Dirt Panel
25131,2,true,Double Compressed Dirt Panel
25131,2,true,Colored Bricks (White) Panel
25131,2,true,Colored Bricks (Orange) Panel
25131,2,true,Colored Bricks (Purple) Panel
25131,2,true,Colored Bricks (Blue) Panel
25131,2,true,Colored Bricks (Brown) Panel
25131,2,true,Colored Bricks (Green) Panel
25131,2,true,Colored Bricks (Red) Panel
25131,2,true,Colored Bricks (Black) Panel
25131,2,true,Colored Bricks (Magenta) Panel
25131,2,true,Colored Bricks (Light Blue) Panel
25131,2,true,Colored Bricks (Yellow) Panel
25131,2,true,Colored Bricks (Lime) Panel
25131,2,true,Colored Bricks (Pink) Panel
25131,2,true,Colored Bricks (Gray) Panel
25131,2,true,Colored Bricks (Light Gray) Panel
25131,2,true,Colored Bricks (Cyan) Panel
25131,2,true,Colored Wood Planks (White) Panel
25131,2,true,Colored Wood Planks (Orange) Panel
25131,2,true,Colored Wood Planks (Purple) Panel
25131,2,true,Colored Wood Planks (Blue) Panel
25131,2,true,Colored Wood Planks (Brown) Panel
25131,2,true,Colored Wood Planks (Green) Panel
25131,2,true,Colored Wood Planks (Red) Panel
25131,2,true,Colored Wood Planks (Black) Panel
25131,2,true,Colored Wood Planks (Magenta) Panel
25131,2,true,Colored Wood Planks (Light Blue) Panel
25131,2,true,Colored Wood Planks (Yellow) Panel
25131,2,true,Colored Wood Planks (Lime) Panel
25131,2,true,Colored Wood Planks (Pink) Panel
25131,2,true,Colored Wood Planks (Gray) Panel
25131,2,true,Colored Wood Planks (Light Gray) Panel
25131,2,true,Colored Wood Planks (Cyan) Panel
25131,2,true,Edged Stone Bricks Panel
25131,2,true,Ender-infused Obsidian Panel
25131,2,true,Gravel Road Panel
25131,2,true,Burnt Quartz Panel
25131,2,true,Frosted Stone Panel
25131,2,true,Border Stone Panel
25131,2,true,Unstable Ingot Block Panel
25131,2,true,Gravel Bricks Panel
25131,2,true,Border Stone (Alternate) Panel
25131,2,true,Magical Wood Panel
25131,2,true,Sandy Glass Panel
25131,2,true,Thickened Glass Panel
25131,2,true,Edged Glass Panel
25131,2,true,Dark Glass Panel
25131,2,true,Glass Bricks Panel
25131,2,true,Carved Glass Panel
25131,2,true,Golden Edged Glass Panel
25131,2,true,Obsidian Glass Panel
25131,2,true,Swirling Glass Panel
25131,2,true,Glowstone Glass Panel
25131,2,true,Heart Glass Panel
25131,2,true,Square Glass Panel
25131,2,true,Ender-Thermic Pump Panel
25131,2,true,Ethereal Glass Panel
25131,2,true,Trading Post Panel
25131,2,true,Glass Panel
25131,2,true,Grass Block Panel
25131,2,true,Netherrack Panel
25131,2,true,Soul Sand Panel
25131,2,true,Ice Panel
25131,2,true,Ice Panel
25131,2,true,Oak Leaves Panel
25131,2,true,Spruce Leaves Panel
25131,2,true,Birch Leaves Panel
25131,2,true,Jungle Leaves Panel
25131,2,true,Glowstone Panel
25131,2,true,Oak Wood Panel
25131,2,true,Spruce Wood Panel
25131,2,true,Birch Wood Panel
25131,2,true,Jungle Wood Panel
25131,2,true,Ice Bricks Panel
25131,2,true,Glowstone Bricks Panel
25131,2,true,Large Snow Bricks Panel
25131,2,true,Programmable RedNet Controller Housing Panel
25131,2,true,Raw Meat Block Panel
25131,2,true,Cooked Meat Block Panel
25131,2,true,Large Paved Stone Bricks Panel
25131,2,true,Large Bricks Panel
25131,2,true,Lapis Bricks Panel
25131,2,true,Obsidian Bricks Panel
25131,2,true,Paved Stone Bricks Panel
25131,2,true,Snow Bricks Panel
25131,2,true,Large Glowstone Bricks Panel
25131,2,true,Large Ice Bricks Panel
25131,2,true,Large Lapis Bricks Panel
25131,2,true,Large Obsidian Bricks Panel
25131,2,true,Smooth Blackstone Panel
25131,2,true,Smooth Whitestone Panel
25131,2,true,Paved Blackstone Panel
25131,2,true,Paved Whitestone Panel
25131,2,true,Cobble Blackstone Panel
25131,2,true,Cobble Whitestone Panel
25131,2,true,Large Blackstone Bricks Panel
25131,2,true,Large Whitestone Bricks Panel
25131,2,true,Small Blackstone Bricks Panel
25131,2,true,Small Whitestone Bricks Panel
25131,2,true,Blackstone Gravel Panel
25131,2,true,Whitestone Gravel Panel
25131,2,true,Planter Panel
25131,2,true,Fisher Panel
25131,2,true,Sewer Panel
25131,2,true,Composter Panel
25131,2,true,Breeder Panel
25131,2,true,Grinder Panel
25131,2,true,Auto-Enchanter Panel
25131,2,true,Chronotyper Panel
25131,2,true,Harvester Panel
25131,2,true,Rancher Panel
25131,2,true,Fertilizer Panel
25131,2,true,Veterinary Station Panel
25131,2,true,Item Collector Panel
25131,2,true,Block Breaker Panel
25131,2,true,Weather Collector Panel
25131,2,true,Sludge Boiler Panel
25131,2,true,Ejector Panel
25131,2,true,Item Router Panel
25131,2,true,BioReactor Panel
25131,2,true,BioFuel Generator Panel
25131,2,true,Auto-Disenchanter Panel
25131,2,true,Slaughterhouse Panel
25131,2,true,Meat Packer Panel
25131,2,true,Enchantment Router Panel
25131,2,true,Liquid Router Panel
25131,2,true,Deep Storage Unit Panel
25131,2,true,LiquiCrafter Panel
25131,2,true,Lava Fabricator Panel
25131,2,true,Oil Fabricator Panel
25131,2,true,Auto-Jukebox Panel
25131,2,true,Unifier Panel
25131,2,true,Auto-Spawner Panel
25131,2,true,Laser Drill Panel
25131,2,true,Laser Drill Precharger Panel
25131,2,true,Chunk Loader Panel
25131,2,true,Fountain Panel
25131,2,true,Mob Router Panel
25131,2,true,Auto-Anvil Panel
25131,2,true,Block Smasher Panel
25131,2,true,RedNote Block Panel
25131,2,true,Auto-Brewer Panel
25131,2,true,Fruit Picker Panel
25131,2,true,Block Placer Panel
25131,2,true,Mob Counter Panel
25131,2,true,Steam Turbine Panel
25131,2,true,Road Panel
25131,2,true,Road Light Panel
25131,2,true,Road Light Panel
25131,2,true,Road Light (Inverted) Panel
25131,2,true,Road Light (Inverted) Panel
25131,2,true,Rubber Leaves Panel
25131,2,true,Dry Rubber Leaves Panel
25131,2,true,Rubber Wood Panel
25131,2,true,Stained Glass (White) Panel
25131,2,true,Stained Glass (Orange) Panel
25131,2,true,Stained Glass (Purple) Panel
25131,2,true,Stained Glass (Blue) Panel
25131,2,true,Stained Glass (Brown) Panel
25131,2,true,Stained Glass (Green) Panel
25131,2,true,Stained Glass (Red) Panel
25131,2,true,Stained Glass (Black) Panel
25131,2,true,Stained Glass (Magenta) Panel
25131,2,true,Stained Glass (Light Blue) Panel
25131,2,true,Stained Glass (Yellow) Panel
25131,2,true,Stained Glass (Lime) Panel
25131,2,true,Stained Glass (Pink) Panel
25131,2,true,Stained Glass (Gray) Panel
25131,2,true,Stained Glass (Light Gray) Panel
25131,2,true,Stained Glass (Cyan) Panel
25131,2,true,Mycelium Panel
25131,2,true,Crystal Panel
25131,2,true,Redwood Leaves Panel
25131,2,true,Eucalyptus Leaves Panel
25131,2,true,Hopseed Leaves Panel
25131,2,true,Sakura Leaves Panel
25131,2,true,Ghostwood Leaves Panel
25131,2,true,Bloodleaves Panel
25131,2,true,Eucalyptus Planks Panel
25131,2,true,Sakura Planks Panel
25131,2,true,Willow Planks Panel
25131,2,true,Darkwood Planks Panel
25131,2,true,Fusewood Planks Panel
25131,2,true,Ghostwood Planks Panel
25131,2,true,Redwood Planks Panel
25131,2,true,Bloodwood Planks Panel
25131,2,true,Hopseed Planks Panel
25131,2,true,Maple Planks Panel
25131,2,true,Silverbell Planks Panel
25131,2,true,Amaranth Planks Panel
25131,2,true,Tigerwood Planks Panel
25131,2,true,Redwood Bark Panel
25131,2,true,Redwood Panel
25131,2,true,Redwood Root Panel
25131,2,true,Eucalyptus Wood Panel
25131,2,true,Sakura Wood Panel
25131,2,true,Ghostwood Panel
25131,2,true,Hopseed Wood Panel
25131,2,true,Nether Brick Panel
25131,2,true,Obsidian Panel
25131,2,true,Block of Quartz Panel
25131,2,true,Abyssal Brick Panel
25131,2,true,Fitted Abyssal Stone Panel
25131,2,true,Abyssal Block Panel
25131,2,true,Ornate Abyssal Stone Panel
25131,2,true,Etched Abyssal Stone Panel
25131,2,true,Abyssal Cobblestone Panel
25131,2,true,Bleached Bone Brick Panel
25131,2,true,Fitted Bleached Bone Stone Panel
25131,2,true,Bleached Bone Block Panel
25131,2,true,Ornate Bleached Bone Stone Panel
25131,2,true,Etched Bleached Bone Stone Panel
25131,2,true,Bleached Bone Cobblestone Panel
25131,2,true,Blood Stained Brick Panel
25131,2,true,Fitted Blood Stained Stone Panel
25131,2,true,Blood Stained Block Panel
25131,2,true,Ornate Blood Stained Stone Panel
25131,2,true,Etched Blood Stained Stone Panel
25131,2,true,Blood Stained Cobblestone Panel
25131,2,true,Frost Bound Brick Panel
25131,2,true,Fitted Frost Bound Stone Panel
25131,2,true,Frost Bound Block Panel
25131,2,true,Ornate Frost Bound Stone Panel
25131,2,true,Etched Frost Bound Stone Panel
25131,2,true,Frost Bound Cobblestone Panel
25131,2,true,Infernal Brick Panel
25131,2,true,Fitted Infernal Stone Panel
25131,2,true,Infernal Block Panel
25131,2,true,Ornate Infernal Stone Panel
25131,2,true,Etched Infernal Stone Panel
25131,2,true,Infernal Cobblestone Panel
25131,2,true,Fitted Nether Stone Panel
25131,2,true,Nether Block Panel
25131,2,true,Ornate Nether Stone Panel
25131,2,true,Etched Nether Stone Panel
25131,2,true,Nether Cobblestone Panel
25131,2,true,Quarried Brick Panel
25131,2,true,Fitted Quarried Stone Panel
25131,2,true,Quarried Block Panel
25131,2,true,Ornate Quarried Stone Panel
25131,2,true,Etched Quarried Stone Panel
25131,2,true,Quarried Cobblestone Panel
25131,2,true,Sandy Brick Panel
25131,2,true,Fitted Sandy Stone Panel
25131,2,true,Sandy Block Panel
25131,2,true,Ornate Sandy Stone Panel
25131,2,true,Etched Sandy Stone Panel
25131,2,true,Sandy Cobblestone Panel
25131,2,true,Block of Concrete Panel
25131,2,true,Block of Steel Panel
25131,2,true,Abyssal Stone Panel
25131,2,true,Quarried Stone Panel
25131,2,true,Creosote Wood Block Panel
25131,2,true,Strengthened Glass Panel
25131,2,true,Strengthened Glass Panel
25131,2,true,Strengthened Glass Panel
25131,2,true,Strengthened Glass Panel
25131,2,true,Strengthened Glass Panel
25131,2,true,Strengthened Glass Panel
25131,2,true,Strengthened Glass Panel
25131,2,true,Strengthened Glass Panel
25131,2,true,Strengthened Glass Panel
25131,2,true,Strengthened Glass Panel
25131,2,true,Strengthened Glass Panel
25131,2,true,Strengthened Glass Panel
25131,2,true,Strengthened Glass Panel
25131,2,true,Strengthened Glass Panel
25131,2,true,Strengthened Glass Panel
25131,2,true,Strengthened Glass Panel
25131,2,true,Redstone Lamp Panel
25131,2,true,Sandstone Panel
25131,2,true,Chiseled Sandstone Panel
25131,2,true,Smooth Sandstone Panel
25131,2,true,Snow Panel
25131,2,true,Sponge Panel
25131,2,true,Stone Panel
25131,2,true,Moss Stone Panel
25131,2,true,Cobblestone Panel
25131,2,true,Stone Bricks Panel
25131,2,true,Mossy Stone Bricks Panel
25131,2,true,Cracked Stone Bricks Panel
25131,2,true,Chiseled Stone Bricks Panel
25131,2,true,Block of Cobalt Panel
25131,2,true,Block of Ardite Panel
25131,2,true,Block of Solid Ender Panel
25131,2,true,Block of Manyullyn Panel
25131,2,true,Block of Copper Panel
25131,2,true,Block of Bronze Panel
25131,2,true,Block of Tin Panel
25131,2,true,Block of Aluminum Panel
25131,2,true,Block of Aluminum Brass Panel
25131,2,true,Block of Alumite Panel
25131,2,true,Block of Steel Panel
25131,2,true,Hardened Glass Panel
25131,2,true,Copper Ore Panel
25131,2,true,Tin Ore Panel
25131,2,true,Silver Ore Panel
25131,2,true,Lead Ore Panel
25131,2,true,Ferrous Ore Panel
25131,2,true,Copper Block Panel
25131,2,true,Tin Block Panel
25131,2,true,Enderium Block Panel
25131,2,true,Silver Block Panel
25131,2,true,Lead Block Panel
25131,2,true,Ferrous Block Panel
25131,2,true,Shiny Block Panel
25131,2,true,Electrum Block Panel
25131,2,true,Invar Block Panel
25131,2,true,Tinker's Alloy Block Panel
25131,2,true,Block of Charcoal Panel
25131,2,true,White Cement Panel
25131,2,true,Orange Cement Panel
25131,2,true,Purple Cement Panel
25131,2,true,Blue Cement Panel
25131,2,true,Cement.brown.name Panel
25131,2,true,Green Cement Panel
25131,2,true,Red Cement Panel
25131,2,true,Black Cement Panel
25131,2,true,Magenta Cement Panel
25131,2,true,Light Blue Cement Panel
25131,2,true,Yellow Cement Panel
25131,2,true,Lime Green Cement Panel
25131,2,true,Pink Cement Panel
25131,2,true,Gray Cement Panel
25131,2,true,Light Gray Cement Panel
25131,2,true,Cyan Cement Panel
25131,2,true,Block of Gunpowder Panel
25131,2,true,Sugar Cube Panel
25131,2,true,End Stone Panel
25131,2,true,Willow Wood Panel
25131,2,true,Oak Wood Planks Panel
25131,2,true,Spruce Wood Planks Panel
25131,2,true,Birch Wood Planks Panel
25131,2,true,Jungle Wood Planks Panel
25131,258,true,Hollow Darkwood Leaves Panel
25131,258,true,Hollow Darkwood Leaves Panel
25131,258,true,Hollow Darkwood Leaves Panel
25131,258,true,Hollow Fusewood Leaves Panel
25131,258,true,Hollow Obsidian Brick Panel
25131,258,true,Hollow Sandstone Brick Panel
25131,258,true,Hollow Slime Brick Panel
25131,258,true,Hollow Slime Brick Panel
25131,258,true,Hollow Endstone Brick Panel
25131,258,true,Hollow Obsidian Brick Panel
25131,258,true,Hollow Netherrack Brick Panel
25131,258,true,Hollow Polished Stone Brick Panel
25131,258,true,Hollow Iron Brick Panel
25131,258,true,Hollow Gold Brick Panel
25131,258,true,Hollow Lapis Brick Panel
25131,258,true,Hollow Diamond Brick Panel
25131,258,true,Hollow Redstone Brick Panel
25131,258,true,Hollow Bone Brick Panel
25131,258,true,Hollow Fancy Obsidian Brick Panel
25131,258,true,Hollow Fancy Sandstone Brick Panel
25131,258,true,Hollow Fancy Slime Brick Panel
25131,258,true,Hollow Fancy Slime Brick Panel
25131,258,true,Hollow Fancy Endstone Brick Panel
25131,258,true,Hollow Fancy Obsidian Brick Panel
25131,258,true,Hollow Fancy Stone Brick Panel
25131,258,true,Hollow Stone Road Panel
25131,258,true,Hollow Fancy Netherrack Brick Panel
25131,258,true,Hollow Fancy Polished Stone Brick Panel
25131,258,true,Hollow Fancy Iron Brick Panel
25131,258,true,Hollow Fancy Gold Brick Panel
25131,258,true,Hollow Fancy Lapis Brick Panel
25131,258,true,Hollow Fancy Diamond Brick Panel
25131,258,true,Hollow Fancy Redstone Brick Panel
25131,258,true,Hollow Fancy Bone Brick Panel
25131,258,true,Hollow Clear Glass Panel
25131,258,true,Hollow White Stained Glass Panel
25131,258,true,Hollow Orange Stained Glass Panel
25131,258,true,Hollow Purple Stained Glass Panel
25131,258,true,Hollow Blue Stained Glass Panel
25131,258,true,Hollow Brown Stained Glass Panel
25131,258,true,Hollow Green Stained Glass Panel
25131,258,true,Hollow Red Stained Glass Panel
25131,258,true,Hollow Black Stained Glass Panel
25131,258,true,Hollow Magenta Stained Glass Panel
25131,258,true,Hollow Light Blue Stained Glass Panel
25131,258,true,Hollow Yellow Stained Glass Panel
25131,258,true,Hollow Lime Stained Glass Panel
25131,258,true,Hollow Pink Stained Glass Panel
25131,258,true,Hollow Gray Stained Glass Panel
25131,258,true,Hollow Light Gray Stained Glass Panel
25131,258,true,Hollow Cyan Stained Glass Panel
25131,258,true,Hollow Chiseled Scorched Bricks Panel
25131,258,true,Hollow Creepy Scorched Bricks Panel
25131,258,true,Hollow Scorched Bricks Panel
25131,258,true,Hollow Scorched Stone Panel
25131,258,true,Hollow Scorched Cobblestone Panel
25131,258,true,Hollow Scorched Paver Panel
25131,258,true,Hollow Cracked Scorched Bricks Panel
25131,258,true,Hollow Scorched Road Panel
25131,258,true,Hollow Fancy Scorched Bricks Panel
25131,258,true,Hollow Limestone Panel
25131,258,true,Hollow Limestone Cobble Panel
25131,258,true,Hollow Limestone Bricks Panel
25131,258,true,Hollow Cracked Limestone Bricks Panel
25131,258,true,Hollow Limestone Paver Panel
25131,258,true,Hollow Limestone Road Panel
25131,258,true,Hollow Fancy Limestone Bricks Panel
25131,258,true,Hollow Chiseled Limestone Bricks Panel
25131,258,true,Hollow Creepy Limestone Bricks Panel
25131,258,true,Hollow Maple Leaves Panel
25131,258,true,Hollow Silverbell Leaves Panel
25131,258,true,Hollow Amaranth Leaves Panel
25131,258,true,Hollow Tiger Leaves Panel
25131,258,true,Hollow Maple Wood Panel
25131,258,true,Hollow Silverbell Wood Panel
25131,258,true,Hollow Amaranth Wood Panel
25131,258,true,Hollow Tiger Wood Panel
25131,258,true,Hollow Chiseled Seared Bricks Panel
25131,258,true,Hollow Seared Bricks Panel
25131,258,true,Hollow Seared Stone Panel
25131,258,true,Hollow Seared Cobblestone Panel
25131,258,true,Hollow Seared Paver Panel
25131,258,true,Hollow Cracked Seared Bricks Panel
25131,258,true,Hollow Seared Road Panel
25131,258,true,Hollow Fancy Seared Bricks Panel
25131,258,true,Hollow Block of Coal Panel
25131,258,true,Hollow Block of Diamond Panel
25131,258,true,Hollow Block of Emerald Panel
25131,258,true,Hollow Block of Gold Panel
25131,258,true,Hollow Block of Iron Panel
25131,258,true,Hollow Lapis Lazuli Block Panel
25131,258,true,Hollow Block of Redstone Panel
25131,258,true,Hollow Bloodwood Panel
25131,258,true,Hollow Bookshelf Panel
25131,258,true,Hollow Amethyst Ore Panel
25131,258,true,Hollow Block of Amethyst Panel
25131,258,true,Hollow Malachite Ore Panel
25131,258,true,Hollow Block of Malachite Panel
25131,258,true,Hollow Sapphire Ore Panel
25131,258,true,Hollow Block of Sapphire Panel
25131,258,true,Hollow Ruby Ore Panel
25131,258,true,Hollow Block of Ruby Panel
25131,258,true,Hollow Peridot Ore Panel
25131,258,true,Hollow Block of Peridot Panel
25131,258,true,Hollow Topaz Ore Panel
25131,258,true,Hollow Block of Topaz Panel
25131,258,true,Hollow Tanzanite Ore Panel
25131,258,true,Hollow Block of Tanzanite Panel
25131,258,true,Hollow Ash Block Panel
25131,258,true,Hollow Cloud Block Panel
25131,258,true,Hollow Flesh Panel
25131,258,true,Hollow Ash Stone Panel
25131,258,true,Hollow Crag Rock Panel
25131,258,true,Hollow Celestial Crystal Panel
25131,258,true,Hollow Dried Dirt Panel
25131,258,true,Hollow Hardened Dirt Panel
25131,258,true,Hollow Hardened Ice Panel
25131,258,true,Hollow Hardened Sand Panel
25131,258,true,Hollow Purified Dirt Panel
25131,258,true,Hollow Mud Bricks Panel
25131,258,true,Hollow Honeycomb Block Panel
25131,258,true,Hollow Filled Honeycomb Block Panel
25131,258,true,Hollow Purified Grass Block Panel
25131,258,true,Hollow Skystone Panel
25131,258,true,Hollow Skystone Cobblestone Panel
25131,258,true,Hollow Skystone Bricks Panel
25131,258,true,Hollow Mossy Skystone Panel
25131,258,true,Hollow Honey Block Panel
25131,258,true,Hollow Yellow Autumn Leaves Panel
25131,258,true,Hollow Bamboo Leaves Panel
25131,258,true,Hollow Magic Leaves Panel
25131,258,true,Hollow Dark Leaves Panel
25131,258,true,Hollow Dying Leaves Panel
25131,258,true,Hollow Fir Leaves Panel
25131,258,true,Hollow Loftwood Leaves Panel
25131,258,true,Hollow Orange Autumn Leaves Panel
25131,258,true,Hollow Origin Leaves Panel
25131,258,true,Hollow Pink Cherry Leaves Panel
25131,258,true,Hollow Maple Leaves Panel
25131,258,true,Hollow White Cherry Leaves Panel
25131,258,true,Hollow Hellbark Leaves Panel
25131,258,true,Hollow Jacaranda Leaves Panel
25131,258,true,Hollow Acacia Leaves Panel
25131,258,true,Hollow Mangrove Leaves Panel
25131,258,true,Hollow Palm Leaves Panel
25131,258,true,Hollow Redwood Leaves Panel
25131,258,true,Hollow Willow Leaves Panel
25131,258,true,Hollow Pine Leaves Panel
25131,258,true,Hollow tile.bop.leavesColorized2.acacia.name Panel
25131,258,true,Hollow tile.bop.leavesColorized2.acacia.name Panel
25131,258,true,Hollow Apple Leaves Panel
25131,258,true,Hollow Persimmon Leaves Panel
25131,258,true,Hollow Long Grass Block Panel
25131,258,true,Hollow Mud Panel
25131,258,true,Hollow Quicksand Panel
25131,258,true,Hollow Origin Grass Block Panel
25131,258,true,Hollow Overgrown Netherrack Panel
25131,258,true,Hollow Giant Red Flower Panel
25131,258,true,Hollow Giant Yellow Flower Panel
25131,258,true,Hollow Acacia Wood Planks Panel
25131,258,true,Hollow Cherry Wood Planks Panel
25131,258,true,Hollow Bamboo Thatching Panel
25131,258,true,Hollow Pine Wood Planks Panel
25131,258,true,Hollow Hellbark Wood Planks Panel
25131,258,true,Hollow Jacaranda Wood Planks Panel
25131,258,true,Hollow Dark Wood Planks Panel
25131,258,true,Hollow Fir Wood Planks Panel
25131,258,true,Hollow Loftwood Wood Planks Panel
25131,258,true,Hollow Magic Wood Planks Panel
25131,258,true,Hollow Mangrove Wood Planks Panel
25131,258,true,Hollow Palm Wood Planks Panel
25131,258,true,Hollow Redwood Wood Planks Panel
25131,258,true,Hollow Willow Wood Planks Panel
25131,258,true,Hollow Red Rock Panel
25131,258,true,Hollow Red Rock Cobblestone Panel
25131,258,true,Hollow Red Rock Bricks Panel
25131,258,true,Hollow Acacia Wood Panel
25131,258,true,Hollow Cherry Wood Panel
25131,258,true,Hollow Dark Wood Panel
25131,258,true,Hollow Fir Wood Panel
25131,258,true,Hollow Loftwood Wood Panel
25131,258,true,Hollow Magic Wood Panel
25131,258,true,Hollow Mangrove Wood Panel
25131,258,true,Hollow Palm Wood Panel
25131,258,true,Hollow Redwood Wood Panel
25131,258,true,Hollow Willow Wood Panel
25131,258,true,Hollow Dead Wood Panel
25131,258,true,Hollow Giant Flower Stem Panel
25131,258,true,Hollow Pine Wood Panel
25131,258,true,Hollow Hellbark Wood Panel
25131,258,true,Hollow Jacaranda Wood Panel
25131,258,true,Hollow Bricks Panel
25131,258,true,Hollow Clay Panel
25131,258,true,Hollow Hardened Clay Panel
25131,258,true,Hollow White Stained Clay Panel
25131,258,true,Hollow Orange Stained Clay Panel
25131,258,true,Hollow Purple Stained Clay Panel
25131,258,true,Hollow Blue Stained Clay Panel
25131,258,true,Hollow Brown Stained Clay Panel
25131,258,true,Hollow Green Stained Clay Panel
25131,258,true,Hollow Red Stained Clay Panel
25131,258,true,Hollow Black Stained Clay Panel
25131,258,true,Hollow Magenta Stained Clay Panel
25131,258,true,Hollow Light Blue Stained Clay Panel
25131,258,true,Hollow Yellow Stained Clay Panel
25131,258,true,Hollow Lime Stained Clay Panel
25131,258,true,Hollow Pink Stained Clay Panel
25131,258,true,Hollow Gray Stained Clay Panel
25131,258,true,Hollow Light Gray Stained Clay Panel
25131,258,true,Hollow Cyan Stained Clay Panel
25131,258,true,Hollow Wool Panel
25131,258,true,Hollow Orange Wool Panel
25131,258,true,Hollow Purple Wool Panel
25131,258,true,Hollow Blue Wool Panel
25131,258,true,Hollow Brown Wool Panel
25131,258,true,Hollow Green Wool Panel
25131,258,true,Hollow Red Wool Panel
25131,258,true,Hollow Black Wool Panel
25131,258,true,Hollow Magenta Wool Panel
25131,258,true,Hollow Light Blue Wool Panel
25131,258,true,Hollow Yellow Wool Panel
25131,258,true,Hollow Lime Wool Panel
25131,258,true,Hollow Pink Wool Panel
25131,258,true,Hollow Gray Wool Panel
25131,258,true,Hollow Light Gray Wool Panel
25131,258,true,Hollow Cyan Wool Panel
25131,258,true,Hollow Dirt Panel
25131,258,true,Hollow Compressed Cobblestone Panel
25131,258,true,Hollow Double Compressed Cobblestone Panel
25131,258,true,Hollow Triple Compressed Dirt Panel
25131,258,true,Hollow Quadruple Compressed Dirt Panel
25131,258,true,Hollow Compressed Gravel Panel
25131,258,true,Hollow Double Compressed Gravel Panel
25131,258,true,Hollow Compressed Sand Panel
25131,258,true,Hollow Double Compressed Sand Panel
25131,258,true,Hollow Triple Compressed Cobblestone Panel
25131,258,true,Hollow Quadruple Compressed Cobblestone Panel
25131,258,true,Hollow Quintuple Compressed Cobblestone Panel
25131,258,true,Hollow Sextuple Compressed Cobblestone Panel
25131,258,true,Hollow Septuple Compressed Cobblestone Panel
25131,258,true,Hollow Octuple Compressed Cobblestone Panel
25131,258,true,Hollow Compressed Dirt Panel
25131,258,true,Hollow Double Compressed Dirt Panel
25131,258,true,Hollow Colored Bricks (White) Panel
25131,258,true,Hollow Colored Bricks (Orange) Panel
25131,258,true,Hollow Colored Bricks (Purple) Panel
25131,258,true,Hollow Colored Bricks (Blue) Panel
25131,258,true,Hollow Colored Bricks (Brown) Panel
25131,258,true,Hollow Colored Bricks (Green) Panel
25131,258,true,Hollow Colored Bricks (Red) Panel
25131,258,true,Hollow Colored Bricks (Black) Panel
25131,258,true,Hollow Colored Bricks (Magenta) Panel
25131,258,true,Hollow Colored Bricks (Light Blue) Panel
25131,258,true,Hollow Colored Bricks (Yellow) Panel
25131,258,true,Hollow Colored Bricks (Lime) Panel
25131,258,true,Hollow Colored Bricks (Pink) Panel
25131,258,true,Hollow Colored Bricks (Gray) Panel
25131,258,true,Hollow Colored Bricks (Light Gray) Panel
25131,258,true,Hollow Colored Bricks (Cyan) Panel
25131,258,true,Hollow Colored Wood Planks (White) Panel
25131,258,true,Hollow Colored Wood Planks (Orange) Panel
25131,258,true,Hollow Colored Wood Planks (Purple) Panel
25131,258,true,Hollow Colored Wood Planks (Blue) Panel
25131,258,true,Hollow Colored Wood Planks (Brown) Panel
25131,258,true,Hollow Colored Wood Planks (Green) Panel
25131,258,true,Hollow Colored Wood Planks (Red) Panel
25131,258,true,Hollow Colored Wood Planks (Black) Panel
25131,258,true,Hollow Colored Wood Planks (Magenta) Panel
25131,258,true,Hollow Colored Wood Planks (Light Blue) Panel
25131,258,true,Hollow Colored Wood Planks (Yellow) Panel
25131,258,true,Hollow Colored Wood Planks (Lime) Panel
25131,258,true,Hollow Colored Wood Planks (Pink) Panel
25131,258,true,Hollow Colored Wood Planks (Gray) Panel
25131,258,true,Hollow Colored Wood Planks (Light Gray) Panel
25131,258,true,Hollow Colored Wood Planks (Cyan) Panel
25131,258,true,Hollow Edged Stone Bricks Panel
25131,258,true,Hollow Ender-infused Obsidian Panel
25131,258,true,Hollow Gravel Road Panel
25131,258,true,Hollow Burnt Quartz Panel
25131,258,true,Hollow Frosted Stone Panel
25131,258,true,Hollow Border Stone Panel
25131,258,true,Hollow Unstable Ingot Block Panel
25131,258,true,Hollow Gravel Bricks Panel
25131,258,true,Hollow Border Stone (Alternate) Panel
25131,258,true,Hollow Magical Wood Panel
25131,258,true,Hollow Sandy Glass Panel
25131,258,true,Hollow Thickened Glass Panel
25131,258,true,Hollow Edged Glass Panel
25131,258,true,Hollow Dark Glass Panel
25131,258,true,Hollow Glass Bricks Panel
25131,258,true,Hollow Carved Glass Panel
25131,258,true,Hollow Golden Edged Glass Panel
25131,258,true,Hollow Obsidian Glass Panel
25131,258,true,Hollow Swirling Glass Panel
25131,258,true,Hollow Glowstone Glass Panel
25131,258,true,Hollow Heart Glass Panel
25131,258,true,Hollow Square Glass Panel
25131,258,true,Hollow Ender-Thermic Pump Panel
25131,258,true,Hollow Ethereal Glass Panel
25131,258,true,Hollow Trading Post Panel
25131,258,true,Hollow Glass Panel
25131,258,true,Hollow Grass Block Panel
25131,258,true,Hollow Netherrack Panel
25131,258,true,Hollow Soul Sand Panel
25131,258,true,Hollow Ice Panel
25131,258,true,Hollow Ice Panel
25131,258,true,Hollow Oak Leaves Panel
25131,258,true,Hollow Spruce Leaves Panel
25131,258,true,Hollow Birch Leaves Panel
25131,258,true,Hollow Jungle Leaves Panel
25131,258,true,Hollow Glowstone Panel
25131,258,true,Hollow Oak Wood Panel
25131,258,true,Hollow Spruce Wood Panel
25131,258,true,Hollow Birch Wood Panel
25131,258,true,Hollow Jungle Wood Panel
25131,258,true,Hollow Ice Bricks Panel
25131,258,true,Hollow Glowstone Bricks Panel
25131,258,true,Hollow Large Snow Bricks Panel
25131,258,true,Hollow Programmable RedNet Controller Housing Panel
25131,258,true,Hollow Raw Meat Block Panel
25131,258,true,Hollow Cooked Meat Block Panel
25131,258,true,Hollow Large Paved Stone Bricks Panel
25131,258,true,Hollow Large Bricks Panel
25131,258,true,Hollow Lapis Bricks Panel
25131,258,true,Hollow Obsidian Bricks Panel
25131,258,true,Hollow Paved Stone Bricks Panel
25131,258,true,Hollow Snow Bricks Panel
25131,258,true,Hollow Large Glowstone Bricks Panel
25131,258,true,Hollow Large Ice Bricks Panel
25131,258,true,Hollow Large Lapis Bricks Panel
25131,258,true,Hollow Large Obsidian Bricks Panel
25131,258,true,Hollow Smooth Blackstone Panel
25131,258,true,Hollow Smooth Whitestone Panel
25131,258,true,Hollow Paved Blackstone Panel
25131,258,true,Hollow Paved Whitestone Panel
25131,258,true,Hollow Cobble Blackstone Panel
25131,258,true,Hollow Cobble Whitestone Panel
25131,258,true,Hollow Large Blackstone Bricks Panel
25131,258,true,Hollow Large Whitestone Bricks Panel
25131,258,true,Hollow Small Blackstone Bricks Panel
25131,258,true,Hollow Small Whitestone Bricks Panel
25131,258,true,Hollow Blackstone Gravel Panel
25131,258,true,Hollow Whitestone Gravel Panel
25131,258,true,Hollow Planter Panel
25131,258,true,Hollow Fisher Panel
25131,258,true,Hollow Sewer Panel
25131,258,true,Hollow Composter Panel
25131,258,true,Hollow Breeder Panel
25131,258,true,Hollow Grinder Panel
25131,258,true,Hollow Auto-Enchanter Panel
25131,258,true,Hollow Chronotyper Panel
25131,258,true,Hollow Harvester Panel
25131,258,true,Hollow Rancher Panel
25131,258,true,Hollow Fertilizer Panel
25131,258,true,Hollow Veterinary Station Panel
25131,258,true,Hollow Item Collector Panel
25131,258,true,Hollow Block Breaker Panel
25131,258,true,Hollow Weather Collector Panel
25131,258,true,Hollow Sludge Boiler Panel
25131,258,true,Hollow Ejector Panel
25131,258,true,Hollow Item Router Panel
25131,258,true,Hollow BioReactor Panel
25131,258,true,Hollow BioFuel Generator Panel
25131,258,true,Hollow Auto-Disenchanter Panel
25131,258,true,Hollow Slaughterhouse Panel
25131,258,true,Hollow Meat Packer Panel
25131,258,true,Hollow Enchantment Router Panel
25131,258,true,Hollow Liquid Router Panel
25131,258,true,Hollow Deep Storage Unit Panel
25131,258,true,Hollow LiquiCrafter Panel
25131,258,true,Hollow Lava Fabricator Panel
25131,258,true,Hollow Oil Fabricator Panel
25131,258,true,Hollow Auto-Jukebox Panel
25131,258,true,Hollow Unifier Panel
25131,258,true,Hollow Auto-Spawner Panel
25131,258,true,Hollow Laser Drill Panel
25131,258,true,Hollow Laser Drill Precharger Panel
25131,258,true,Hollow Chunk Loader Panel
25131,258,true,Hollow Fountain Panel
25131,258,true,Hollow Mob Router Panel
25131,258,true,Hollow Auto-Anvil Panel
25131,258,true,Hollow Block Smasher Panel
25131,258,true,Hollow RedNote Block Panel
25131,258,true,Hollow Auto-Brewer Panel
25131,258,true,Hollow Fruit Picker Panel
25131,258,true,Hollow Block Placer Panel
25131,258,true,Hollow Mob Counter Panel
25131,258,true,Hollow Steam Turbine Panel
25131,258,true,Hollow Road Panel
25131,258,true,Hollow Road Light Panel
25131,258,true,Hollow Road Light Panel
25131,258,true,Hollow Road Light (Inverted) Panel
25131,258,true,Hollow Road Light (Inverted) Panel
25131,258,true,Hollow Rubber Leaves Panel
25131,258,true,Hollow Dry Rubber Leaves Panel
25131,258,true,Hollow Rubber Wood Panel
25131,258,true,Hollow Stained Glass (White) Panel
25131,258,true,Hollow Stained Glass (Orange) Panel
25131,258,true,Hollow Stained Glass (Purple) Panel
25131,258,true,Hollow Stained Glass (Blue) Panel
25131,258,true,Hollow Stained Glass (Brown) Panel
25131,258,true,Hollow Stained Glass (Green) Panel
25131,258,true,Hollow Stained Glass (Red) Panel
25131,258,true,Hollow Stained Glass (Black) Panel
25131,258,true,Hollow Stained Glass (Magenta) Panel
25131,258,true,Hollow Stained Glass (Light Blue) Panel
25131,258,true,Hollow Stained Glass (Yellow) Panel
25131,258,true,Hollow Stained Glass (Lime) Panel
25131,258,true,Hollow Stained Glass (Pink) Panel
25131,258,true,Hollow Stained Glass (Gray) Panel
25131,258,true,Hollow Stained Glass (Light Gray) Panel
25131,258,true,Hollow Stained Glass (Cyan) Panel
25131,258,true,Hollow Mycelium Panel
25131,258,true,Hollow Crystal Panel
25131,258,true,Hollow Redwood Leaves Panel
25131,258,true,Hollow Eucalyptus Leaves Panel
25131,258,true,Hollow Hopseed Leaves Panel
25131,258,true,Hollow Sakura Leaves Panel
25131,258,true,Hollow Ghostwood Leaves Panel
25131,258,true,Hollow Bloodleaves Panel
25131,258,true,Hollow Eucalyptus Planks Panel
25131,258,true,Hollow Sakura Planks Panel
25131,258,true,Hollow Willow Planks Panel
25131,258,true,Hollow Darkwood Planks Panel
25131,258,true,Hollow Fusewood Planks Panel
25131,258,true,Hollow Ghostwood Planks Panel
25131,258,true,Hollow Redwood Planks Panel
25131,258,true,Hollow Bloodwood Planks Panel
25131,258,true,Hollow Hopseed Planks Panel
25131,258,true,Hollow Maple Planks Panel
25131,258,true,Hollow Silverbell Planks Panel
25131,258,true,Hollow Amaranth Planks Panel
25131,258,true,Hollow Tigerwood Planks Panel
25131,258,true,Hollow Redwood Bark Panel
25131,258,true,Hollow Redwood Panel
25131,258,true,Hollow Redwood Root Panel
25131,258,true,Hollow Eucalyptus Wood Panel
25131,258,true,Hollow Sakura Wood Panel
25131,258,true,Hollow Ghostwood Panel
25131,258,true,Hollow Hopseed Wood Panel
25131,258,true,Hollow Nether Brick Panel
25131,258,true,Hollow Obsidian Panel
25131,258,true,Hollow Block of Quartz Panel
25131,258,true,Hollow Abyssal Brick Panel
25131,258,true,Hollow Fitted Abyssal Stone Panel
25131,258,true,Hollow Abyssal Block Panel
25131,258,true,Hollow Ornate Abyssal Stone Panel
25131,258,true,Hollow Etched Abyssal Stone Panel
25131,258,true,Hollow Abyssal Cobblestone Panel
25131,258,true,Hollow Bleached Bone Brick Panel
25131,258,true,Hollow Fitted Bleached Bone Stone Panel
25131,258,true,Hollow Bleached Bone Block Panel
25131,258,true,Hollow Ornate Bleached Bone Stone Panel
25131,258,true,Hollow Etched Bleached Bone Stone Panel
25131,258,true,Hollow Bleached Bone Cobblestone Panel
25131,258,true,Hollow Blood Stained Brick Panel
25131,258,true,Hollow Fitted Blood Stained Stone Panel
25131,258,true,Hollow Blood Stained Block Panel
25131,258,true,Hollow Ornate Blood Stained Stone Panel
25131,258,true,Hollow Etched Blood Stained Stone Panel
25131,258,true,Hollow Blood Stained Cobblestone Panel
25131,258,true,Hollow Frost Bound Brick Panel
25131,258,true,Hollow Fitted Frost Bound Stone Panel
25131,258,true,Hollow Frost Bound Block Panel
25131,258,true,Hollow Ornate Frost Bound Stone Panel
25131,258,true,Hollow Etched Frost Bound Stone Panel
25131,258,true,Hollow Frost Bound Cobblestone Panel
25131,258,true,Hollow Infernal Brick Panel
25131,258,true,Hollow Fitted Infernal Stone Panel
25131,258,true,Hollow Infernal Block Panel
25131,258,true,Hollow Ornate Infernal Stone Panel
25131,258,true,Hollow Etched Infernal Stone Panel
25131,258,true,Hollow Infernal Cobblestone Panel
25131,258,true,Hollow Fitted Nether Stone Panel
25131,258,true,Hollow Nether Block Panel
25131,258,true,Hollow Ornate Nether Stone Panel
25131,258,true,Hollow Etched Nether Stone Panel
25131,258,true,Hollow Nether Cobblestone Panel
25131,258,true,Hollow Quarried Brick Panel
25131,258,true,Hollow Fitted Quarried Stone Panel
25131,258,true,Hollow Quarried Block Panel
25131,258,true,Hollow Ornate Quarried Stone Panel
25131,258,true,Hollow Etched Quarried Stone Panel
25131,258,true,Hollow Quarried Cobblestone Panel
25131,258,true,Hollow Sandy Brick Panel
25131,258,true,Hollow Fitted Sandy Stone Panel
25131,258,true,Hollow Sandy Block Panel
25131,258,true,Hollow Ornate Sandy Stone Panel
25131,258,true,Hollow Etched Sandy Stone Panel
25131,258,true,Hollow Sandy Cobblestone Panel
25131,258,true,Hollow Block of Concrete Panel
25131,258,true,Hollow Block of Steel Panel
25131,258,true,Hollow Abyssal Stone Panel
25131,258,true,Hollow Quarried Stone Panel
25131,258,true,Hollow Creosote Wood Block Panel
25131,258,true,Hollow Strengthened Glass Panel
25131,258,true,Hollow Strengthened Glass Panel
25131,258,true,Hollow Strengthened Glass Panel
25131,258,true,Hollow Strengthened Glass Panel
25131,258,true,Hollow Strengthened Glass Panel
25131,258,true,Hollow Strengthened Glass Panel
25131,258,true,Hollow Strengthened Glass Panel
25131,258,true,Hollow Strengthened Glass Panel
25131,258,true,Hollow Strengthened Glass Panel
25131,258,true,Hollow Strengthened Glass Panel
25131,258,true,Hollow Strengthened Glass Panel
25131,258,true,Hollow Strengthened Glass Panel
25131,258,true,Hollow Strengthened Glass Panel
25131,258,true,Hollow Strengthened Glass Panel
25131,258,true,Hollow Strengthened Glass Panel
25131,258,true,Hollow Strengthened Glass Panel
25131,258,true,Hollow Redstone Lamp Panel
25131,258,true,Hollow Sandstone Panel
25131,258,true,Hollow Chiseled Sandstone Panel
25131,258,true,Hollow Smooth Sandstone Panel
25131,258,true,Hollow Snow Panel
25131,258,true,Hollow Sponge Panel
25131,258,true,Hollow Stone Panel
25131,258,true,Hollow Moss Stone Panel
25131,258,true,Hollow Cobblestone Panel
25131,258,true,Hollow Stone Bricks Panel
25131,258,true,Hollow Mossy Stone Bricks Panel
25131,258,true,Hollow Cracked Stone Bricks Panel
25131,258,true,Hollow Chiseled Stone Bricks Panel
25131,258,true,Hollow Block of Cobalt Panel
25131,258,true,Hollow Block of Ardite Panel
25131,258,true,Hollow Block of Solid Ender Panel
25131,258,true,Hollow Block of Manyullyn Panel
25131,258,true,Hollow Block of Copper Panel
25131,258,true,Hollow Block of Bronze Panel
25131,258,true,Hollow Block of Tin Panel
25131,258,true,Hollow Block of Aluminum Panel
25131,258,true,Hollow Block of Aluminum Brass Panel
25131,258,true,Hollow Block of Alumite Panel
25131,258,true,Hollow Block of Steel Panel
25131,258,true,Hollow Hardened Glass Panel
25131,258,true,Hollow Copper Ore Panel
25131,258,true,Hollow Tin Ore Panel
25131,258,true,Hollow Silver Ore Panel
25131,258,true,Hollow Lead Ore Panel
25131,258,true,Hollow Ferrous Ore Panel
25131,258,true,Hollow Copper Block Panel
25131,258,true,Hollow Tin Block Panel
25131,258,true,Hollow Enderium Block Panel
25131,258,true,Hollow Silver Block Panel
25131,258,true,Hollow Lead Block Panel
25131,258,true,Hollow Ferrous Block Panel
25131,258,true,Hollow Shiny Block Panel
25131,258,true,Hollow Electrum Block Panel
25131,258,true,Hollow Invar Block Panel
25131,258,true,Hollow Tinker's Alloy Block Panel
25131,258,true,Hollow Block of Charcoal Panel
25131,258,true,Hollow White Cement Panel
25131,258,true,Hollow Orange Cement Panel
25131,258,true,Hollow Purple Cement Panel
25131,258,true,Hollow Blue Cement Panel
25131,258,true,Hollow Cement.brown.name Panel
25131,258,true,Hollow Green Cement Panel
25131,258,true,Hollow Red Cement Panel
25131,258,true,Hollow Black Cement Panel
25131,258,true,Hollow Magenta Cement Panel
25131,258,true,Hollow Light Blue Cement Panel
25131,258,true,Hollow Yellow Cement Panel
25131,258,true,Hollow Lime Green Cement Panel
25131,258,true,Hollow Pink Cement Panel
25131,258,true,Hollow Gray Cement Panel
25131,258,true,Hollow Light Gray Cement Panel
25131,258,true,Hollow Cyan Cement Panel
25131,258,true,Hollow Block of Gunpowder Panel
25131,258,true,Hollow Sugar Cube Panel
25131,258,true,Hollow End Stone Panel
25131,258,true,Hollow Willow Wood Panel
25131,258,true,Hollow Oak Wood Planks Panel
25131,258,true,Hollow Spruce Wood Planks Panel
25131,258,true,Hollow Birch Wood Planks Panel
25131,258,true,Hollow Jungle Wood Planks Panel
